cultura,economia,educacao,meio ambiente,saude,seguranca,tecnologia
1.2986741297307427,2.1010163504334725,2.21765278629743,0.9434790142216896,2.067089172107078,1.916048458418869,1.1245155056080542
0.5779534867723147,1.5720469553984486,0.9737661713716025,0.4670573508633162,0.7554616880409819,0.9627231291980437,0.7024056475333694
0.05322225313646815,0.28680769714821364,0.5137172319288035,0.06266553002298435,0.368083846346692,0.3252935785458465,0.1545829754013149
1.929543980362073,3.2944710490322686,2.777465579293112,1.666706317394877,2.3506775934525193,2.7575963194519546,2.0781425585154167
0.4537592863807785,1.0458670728105661,0.6657078614896986,0.2524785059474997,0.40418062633013724,0.39474602345478893,0.4437117087265014
0.16308585885396126,0.43417149592309734,0.22915750099626736,0.10086946296776758,0.25782980021411606,0.1638314095989349,0.20066823292385427
