cultura,economia,educacao,meio_ambiente,saude,seguranca,tecnologia
2.1978284478039685,2.3381477337057905,1.5000510994985259,1.5995385576777028,1.426979315240101,2.2088292372368765,1.2456304667687212
2.0647592005021735,2.3674683315313523,2.1474232819781904,1.1266100125641632,1.616604999120205,1.5696970560615173,1.5528664254357987
1.8750485409599096,2.921810042446932,2.161420504266154,1.3558733621127796,2.3646033181683115,2.777258116484518,1.4267914661649397
2.084129059910473,2.8721826811489164,2.58885883328116,1.209653850923047,1.8913320040914163,3.63794391428914,1.3689399036671672
1.7432444989683717,2.6526817664751694,2.8168961105489982,1.3632700901994173,1.2040782423183953,1.973519332410706,1.2292892635664874
2.0780811620443966,2.534051034803804,1.8277690308794867,1.0,1.4144610430689997,2.488320318673308,2.233961519390472
3.8065114522210823,2.3622883198868943,1.9763382715609858,1.4399225427807234,1.119034367232069,2.0226471990575687,1.9246956551354841
1.2196487122644561,1.5350293266968937,1.7328172172133762,1.3577803156354284,1.2855500662605595,1.68255791722662,1.1863305318186896
2.9095605468209804,5.0,1.9213063992490997,1.318833762975801,1.2473110523858149,2.3001960390545353,4.688178739308212
